{
  "id": 14523,
  "name": "尘光七谕",
  "affixTitle": "末临者的华冠",
  "star": 5,
  "desc": "",
  "attr": {
    "atk": {
      "1": 49.1377,
      "20": 144.9070773,
      "40": 285.92811220000004,
      "50": 374.4209458,
      "60": 464.389635,
      "70": 555.3884913,
      "80": 647.5175147,
      "90": 740.5801544000001,
      "20+": 176.0070773,
      "40+": 317.0281122,
      "50+": 405.6209458000001,
      "60+": 495.489635,
      "70+": 586.4884913000001,
      "80+": 678.6175146999999
    },
    "bonusKey": "atkPct",
    "bonusData": {
      "1": 3.5999999999999996,
      "20": 6.361199999999999,
      "40": 9.27,
      "50": 10.7244,
      "60": 12.178799999999999,
      "70": 13.629599999999998,
      "80": 15.084,
      "90": 16.5384,
      "20+": 6.361199999999999,
      "40+": 9.27,
      "50+": 10.7244,
      "60+": 12.178799999999999,
      "70+": 13.629599999999998,
      "80+": 15.084
    }
  },
  "materials": {
    "weapon": "奇巧秘器的真愿",
    "monster": "宝饰的焰剑",
    "normal": "精制机轴"
  },
  "affixData": {
    "text": "攻击力提升$[0]。装备者创造护盾后的20秒内，获得「先导之光」效果：依据装备者的攻击力，每1000点攻击力都会使队伍中自己的当前场上角色造成的伤害提升$[1]，至多提升$[2]。持续期间，队伍中自己的当前场上角色的攻击命中附近的敌人时，或在不处于战斗状态下打开宝箱时，还会获得「指引者的餍足」效果，使装备者恢复$[3]点元素能量，该效果每16秒至多触发一次。装备者处于队伍后台时，依然能触发上述效果。魔导·秘仪：队伍中自己的魔导角色位于队伍后台时，也能获得「先导之光」中$[4]的伤害提升效果。",
    "datas": {
      "0": [
        "12%",
        "15%",
        "18%",
        "21%",
        "24%"
      ],
      "1": [
        "10%",
        "13%",
        "16%",
        "19%",
        "22%"
      ],
      "2": [
        "26%",
        "34%",
        "42%",
        "50%",
        "58%"
      ],
      "3": [
        "14",
        "15",
        "16",
        "17",
        "18"
      ],
      "4": [
        "50%",
        "50%",
        "50%",
        "50%",
        "50%"
      ]
    }
  }
}