{
  "id": 13517,
  "name": "灾悔",
  "affixTitle": "祸咎一击",
  "star": 5,
  "desc": "",
  "attr": {
    "atk": {
      "1": 47.537,
      "20": 133.293748,
      "40": 260.561099,
      "50": 341.43233799999996,
      "60": 423.40185399999996,
      "70": 506.22211,
      "80": 589.850495,
      "90": 674.3345459999999,
      "20+": 164.393748,
      "40+": 291.661099,
      "50+": 372.632338,
      "60+": 454.501854,
      "70+": 537.32211,
      "80+": 620.950495
    },
    "bonusData": {
      "1": 4.8,
      "20": 8.481599999999998,
      "40": 12.360000000000001,
      "50": 14.2992,
      "60": 16.2384,
      "70": 18.1728,
      "80": 20.112000000000002,
      "90": 22.0512,
      "20+": 8.481599999999998,
      "40+": 12.360000000000001,
      "50+": 14.2992,
      "60+": 16.2384,
      "70+": 18.1728,
      "80+": 20.112000000000002
    }
  },
  "materials": {
    "weapon": "高塔孤王的碎梦",
    "monster": "繁光躯外骸",
    "normal": "原素花蜜"
  },
  "affixData": {
    "text": "装备者施放元素战技后，获得持续17秒的「纷争之途」效果，以及分别持续3秒的「无赦」与「无愈」效果，每18秒至多触发一次。无赦：装备者的普通攻击与重击造成的伤害提升$[0]。无愈：装备者的元素战技与元素爆发造成的伤害提升$[1]。「纷争之途」持续期间，装备者的普通攻击与重击命中敌人时，还会使「无愈」效果的持续时间延长1秒；装备者的元素战技与元素爆发命中敌人时，还会使「无赦」效果的持续时间延长1秒。上述两种效果每0.1秒分别至多触发一次。「纷争之途」持续时间结束时，或装备者退场时，「无赦」与「无愈」效果将会解除。魔导·秘仪：上述所有伤害提升效果提升75%。",
    "datas": {
      "0": [
        "40%",
        "50%",
        "60%",
        "70%",
        "80%"
      ],
      "1": [
        "40%",
        "50%",
        "60%",
        "70%",
        "80%"
      ]
    }
  }
}