{
  "id": 14522,
  "name": "帷间夜曲",
  "affixTitle": "十字路的旅歌",
  "star": 5,
  "desc": "",
  "attr": {
    "atk": {
      "1": 44.3358,
      "20": 110.17446299999999,
      "40": 209.81760979999999,
      "50": 275.455198,
      "60": 341.458801,
      "70": 407.80576199999996,
      "80": 474.5517452,
      "90": 541.829758,
      "20+": 141.274463,
      "40+": 240.91760979999998,
      "50+": 306.655198,
      "60+": 372.558801,
      "70+": 438.905762,
      "80+": 505.6517452
    },
    "bonusKey": "cdmg",
    "bonusData": {
      "1": 19.2,
      "20": 33.926399999999994,
      "40": 49.440000000000005,
      "50": 57.1968,
      "60": 64.9536,
      "70": 72.6912,
      "80": 80.44800000000001,
      "90": 88.2048,
      "20+": 33.926399999999994,
      "40+": 49.440000000000005,
      "50+": 57.1968,
      "60+": 64.9536,
      "70+": 72.6912,
      "80+": 80.44800000000001
    }
  },
  "materials": {
    "weapon": "终北遗嗣的煌熠",
    "monster": "深黯的钩喙",
    "normal": "霜镌的执凭"
  },
  "affixData": {
    "text": "生命值上限提高$[0]。装备者触发月曜反应或对敌人造成月曜反应伤害时，将为装备者恢复$[1]点元素能量，并获得持续12秒的「丰饶海的神酒」效果：生命值上限进一步提高$[2]，月曜反应伤害的暴击伤害提升$[3]。恢复元素能量效果每18秒至多触发一次，装备者处于队伍后台时，依然能触发上述效果。",
    "datas": {
      "0": [
        "10%",
        "12%",
        "14%",
        "16%",
        "18%"
      ],
      "1": [
        "12",
        "13",
        "14",
        "15",
        "16"
      ],
      "2": [
        "14%",
        "16%",
        "18%",
        "20%",
        "22%"
      ],
      "3": [
        "60%",
        "80%",
        "100%",
        "120%",
        "140%"
      ]
    }
  }
}