{
  "id": 11518,
  "name": "黑蚀",
  "affixTitle": "白日王的灼辉",
  "star": 5,
  "desc": "在小魔女的故事中，原本是白日王赐予勇者的宝剑，后来小魔女用它击败了勇者。",
  "attr": {
    "atk": {
      "1": 45.9364,
      "20": 121.73146,
      "40": 235.19542519999996,
      "50": 308.419104,
      "60": 382.43182879999995,
      "70": 456.9876632,
      "80": 532.2325436,
      "90": 608.0745972,
      "20+": 152.83146,
      "40+": 266.29542519999995,
      "50+": 339.619104,
      "60+": 413.53182879999997,
      "70+": 488.08766319999995,
      "80+": 563.3325436
    },
    "bonusKey": "cpct",
    "bonusData": {
      "1": 7.199999999999999,
      "20": 12.722399999999999,
      "40": 18.54,
      "50": 21.4488,
      "60": 24.357599999999998,
      "70": 27.259199999999996,
      "80": 30.168,
      "90": 33.0768,
      "20+": 12.722399999999999,
      "40+": 18.54,
      "50+": 21.4488,
      "60+": 24.357599999999998,
      "70+": 27.259199999999996,
      "80+": 30.168
    }
  },
  "materials": {
    "weapon": "高塔孤王的碎梦",
    "monster": "霜夜的煌荣",
    "normal": "精制机轴"
  },
  "affixData": {
    "text": "元素爆发造成的暴击伤害提升$[0]；元素爆发命中敌人时，将获得「白昼之刃」效果：攻击力提升$[1]，除装备者以外，队伍中附近的当前场上角色攻击力提升$[2]，持续3秒。此外，队伍拥有「魔导·秘仪」效果时，「白昼之刃」的效果额外提升75%。装备者处于队伍后台时，依然能触发上述效果。",
    "datas": {
      "0": [
        "16%",
        "20%",
        "24%",
        "28%",
        "32%"
      ],
      "1": [
        "20%",
        "25%",
        "30%",
        "35%",
        "40%"
      ],
      "2": [
        "16%",
        "20%",
        "24%",
        "28%",
        "32%"
      ]
    }
  }
}
