{
  "id": 15434,
  "name": "虹蛇的雨弦",
  "affixTitle": "圣座外的星语",
  "star": 4,
  "desc": "",
  "attr": {
    "atk": {
      "1": 42.401,
      "20": 108.92816900000001,
      "40": 204.83222,
      "50": 265.85544600000003,
      "60": 326.77867200000003,
      "70": 387.659497,
      "80": 448.682723,
      "90": 509.605949,
      "20+": 134.828169,
      "40+": 230.83222,
      "50+": 291.755446,
      "60+": 352.678672,
      "70+": 413.659497,
      "80+": 474.582723
    },
    "bonusKey": "recharge",
    "bonusData": {
      "1": 10,
      "20": 17.669999999999998,
      "40": 25.75,
      "50": 29.79,
      "60": 33.83,
      "70": 37.86,
      "80": 41.900000000000006,
      "90": 45.940000000000005,
      "20+": 17.669999999999998,
      "40+": 25.75,
      "50+": 29.79,
      "60+": 33.83,
      "70+": 37.86,
      "80+": 41.900000000000006
    }
  },
  "materials": {
    "weapon": "神合秘烟的启示",
    "monster": "迷光的蜷叶之心",
    "normal": "霜镌的执凭"
  },
  "affixData": {
    "text": "装备者处于队伍后台时，装备者的攻击命中敌人后的8秒内，攻击力提升$[0]。",
    "datas": {
      "0": [
        "28%",
        "35%",
        "42%",
        "49%",
        "56%"
      ]
    }
  }
}