{
  "id": 15515,
  "name": "悠远流颂之始",
  "affixTitle": "黎明的破晓之歌",
  "star": 5,
  "desc": "",
  "attr": {
    "atk": {
      "1": 47.537,
      "20": 133.293748,
      "40": 260.561099,
      "50": 341.43233799999996,
      "60": 423.40185399999996,
      "70": 506.22211,
      "80": 589.850495,
      "90": 674.3345459999999,
      "20+": 164.393748,
      "40+": 291.661099,
      "50+": 372.632338,
      "60+": 454.501854,
      "70+": 537.32211,
      "80+": 620.950495
    },
    "bonusKey": "cdmg",
    "bonusData": {
      "1": 9.6,
      "20": 16.963199999999997,
      "40": 24.720000000000002,
      "50": 28.5984,
      "60": 32.4768,
      "70": 36.3456,
      "80": 40.224000000000004,
      "90": 44.1024,
      "20+": 16.963199999999997,
      "40+": 24.720000000000002,
      "50+": 28.5984,
      "60+": 32.4768,
      "70+": 36.3456,
      "80+": 40.224000000000004
    }
  },
  "materials": {
    "weapon": "狮牙斗士的理想",
    "monster": "黑晶号角",
    "normal": "攫金鸦印"
  },
  "affixData": {
    "text": "装备者获得「渐起的晓风」：脱离战斗状态3秒后，普通攻击、元素战技和元素爆发造成的伤害提升$[0]。在战斗状态下，上述伤害提升效果每秒降低$[1]，直到降低至0%；装备者的普通攻击、元素战技或元素爆发命中敌人时，对应类别的伤害提升效果提升$[2]，直到提升至$[3]，上述每种类别的攻击每0.1秒至多触发一次该效果。装备者处于队伍后台时，依然能触发上述效果。此外，队伍拥有「魔导·秘仪」效果时，装备者的普通攻击、元素战技或元素爆发命中敌人时，改为使所有类别的伤害提升效果提升$[4]。",
    "datas": {
      "0": [
        "60%",
        "75%",
        "90%",
        "105%",
        "120%"
      ],
      "1": [
        "10%",
        "12.5%",
        "15%",
        "17.5%",
        "20%"
      ],
      "2": [
        "10%",
        "12.5%",
        "15%",
        "17.5%",
        "20%"
      ],
      "3": [
        "60%",
        "75%",
        "90%",
        "105%",
        "120%"
      ],
      "4": [
        "20%",
        "25%",
        "30%",
        "35%",
        "40%"
      ]
    }
  }
}