{
  "mainIdx": {
    "1": [
      "hp"
    ],
    "2": [
      "atk"
    ],
    "3": [
      "hpPct",
      "atkPct",
      "defPct",
      "cpct",
      "cdmg",
      "heal",
      "effPct"
    ],
    "4": [
      "hpPct",
      "atkPct",
      "defPct",
      "speed"
    ],
    "5": [
      "hpPct",
      "atkPct",
      "defPct",
      "phy",
      "fire",
      "ice",
      "elec",
      "wind",
      "quantum",
      "imaginary"
    ],
    "6": [
      "stance",
      "recharge",
      "hpPct",
      "atkPct",
      "defPct"
    ]
  },
  "mainAttr": {
    "2": {
      "1": {
        "key": "stance",
        "base": 0.04147200011757768,
        "step": 0.014514999934858639
      },
      "2": {
        "key": "recharge",
        "base": 0.012442000247860399,
        "step": 0.00435500026365376
      },
      "3": {
        "key": "hpPct",
        "base": 0.02764799984555448,
        "step": 0.009677000191936
      },
      "4": {
        "key": "atkPct",
        "base": 0.02764799984555448,
        "step": 0.009677000191936
      },
      "5": {
        "key": "defPct",
        "base": 0.03455999998156608,
        "step": 0.01209600041264328
      },
      "6": {
        "key": "ice",
        "base": 0.024883000488122,
        "step": 0.0087089998212168
      },
      "7": {
        "key": "elec",
        "base": 0.024883000488122,
        "step": 0.0087089998212168
      },
      "8": {
        "key": "wind",
        "base": 0.024883000488122,
        "step": 0.0087089998212168
      },
      "9": {
        "key": "quantum",
        "base": 0.024883000488122,
        "step": 0.0087089998212168
      },
      "10": {
        "key": "imaginary",
        "base": 0.024883000488122,
        "step": 0.0087089998212168
      }
    },
    "3": {
      "1": {
        "key": "stance",
        "base": 0.062207999128628635,
        "step": 0.02177300060457928
      },
      "2": {
        "key": "recharge",
        "base": 0.01866200001494584,
        "step": 0.00653200004243528
      },
      "3": {
        "key": "hpPct",
        "base": 0.04147200011757768,
        "step": 0.014514999934858639
      },
      "4": {
        "key": "atkPct",
        "base": 0.04147200011757768,
        "step": 0.014514999934858639
      },
      "5": {
        "key": "defPct",
        "base": 0.051839999972349116,
        "step": 0.01814399957122704
      },
      "6": {
        "key": "ice",
        "base": 0.037324999338998556,
        "step": 0.01306400008487056
      },
      "7": {
        "key": "elec",
        "base": 0.037324999338998556,
        "step": 0.01306400008487056
      },
      "8": {
        "key": "wind",
        "base": 0.037324999338998556,
        "step": 0.01306400008487056
      },
      "9": {
        "key": "quantum",
        "base": 0.037324999338998556,
        "step": 0.01306400008487056
      },
      "10": {
        "key": "imaginary",
        "base": 0.037324999338998556,
        "step": 0.01306400008487056
      }
    },
    "4": {
      "1": {
        "key": "stance",
        "base": 0.08294399953666344,
        "step": 0.029029999171225358
      },
      "2": {
        "key": "recharge",
        "base": 0.024883000488122,
        "step": 0.0087089998212168
      },
      "3": {
        "key": "hpPct",
        "base": 0.05529599969110896,
        "step": 0.01935399968538008
      },
      "4": {
        "key": "atkPct",
        "base": 0.05529599969110896,
        "step": 0.01935399968538008
      },
      "5": {
        "key": "defPct",
        "base": 0.06911999856614832,
        "step": 0.02419200012679464
      },
      "6": {
        "key": "ice",
        "base": 0.04976599957926016,
        "step": 0.0174179996424336
      },
      "7": {
        "key": "elec",
        "base": 0.04976599957926016,
        "step": 0.0174179996424336
      },
      "8": {
        "key": "wind",
        "base": 0.04976599957926016,
        "step": 0.0174179996424336
      },
      "9": {
        "key": "quantum",
        "base": 0.04976599957926016,
        "step": 0.0174179996424336
      },
      "10": {
        "key": "imaginary",
        "base": 0.04976599957926016,
        "step": 0.0174179996424336
      }
    },
    "5": {
      "1": {
        "key": "stance",
        "base": 0.10367999924620631,
        "step": 0.036287999840946
      },
      "2": {
        "key": "recharge",
        "base": 0.031103999564314318,
        "step": 0.01088600099698216
      },
      "3": {
        "key": "hpPct",
        "base": 0.06911999856614832,
        "step": 0.02419200012679464
      },
      "4": {
        "key": "atkPct",
        "base": 0.06911999856614832,
        "step": 0.02419200012679464
      },
      "5": {
        "key": "defPct",
        "base": 0.08639999855693135,
        "step": 0.03023999998387032
      },
      "6": {
        "key": "ice",
        "base": 0.062207999128628635,
        "step": 0.02177300060457928
      },
      "7": {
        "key": "elec",
        "base": 0.062207999128628635,
        "step": 0.02177300060457928
      },
      "8": {
        "key": "wind",
        "base": 0.062207999128628635,
        "step": 0.02177300060457928
      },
      "9": {
        "key": "quantum",
        "base": 0.062207999128628635,
        "step": 0.02177300060457928
      },
      "10": {
        "key": "imaginary",
        "base": 0.062207999128628635,
        "step": 0.02177300060457928
      }
    }
  },
  "subAttr": {
    "2": {
      "1": {
        "key": "hp",
        "base": 13.548015787460994,
        "step": 1.6935019741893238
      },
      "2": {
        "key": "atk",
        "base": 6.774007894196158,
        "step": 0.846750987909569
      },
      "3": {
        "key": "def",
        "base": 6.774007894196158,
        "step": 0.846750987909569
      },
      "4": {
        "key": "hpPct",
        "base": 0.0138240002720232,
        "step": 0.00172800055787184
      },
      "5": {
        "key": "atkPct",
        "base": 0.0138240002720232,
        "step": 0.00172800055787184
      },
      "6": {
        "key": "defPct",
        "base": 0.01727999999078304,
        "step": 0.00216000034809384
      },
      "7": {
        "key": "speed",
        "base": 0.9999999843067494,
        "step": 0.0999999985238072
      },
      "8": {
        "key": "cpct",
        "base": 0.01036800055326336,
        "step": 0.00129600076764984
      },
      "9": {
        "key": "cdmg",
        "base": 0.020736000408034798,
        "step": 0.00259200083680776
      },
      "10": {
        "key": "effPct",
        "base": 0.0138240002720232,
        "step": 0.00172800055787184
      },
      "11": {
        "key": "effDef",
        "base": 0.0138240002720232,
        "step": 0.00172800055787184
      },
      "12": {
        "key": "stance",
        "base": 0.020736000408034798,
        "step": 0.00259200083680776
      }
    },
    "3": {
      "1": {
        "key": "hp",
        "base": 20.322022681416723,
        "step": 2.54025296116757
      },
      "2": {
        "key": "atk",
        "base": 10.16101184071216,
        "step": 1.2701259805799858
      },
      "3": {
        "key": "def",
        "base": 10.16101184071216,
        "step": 1.2701259805799858
      },
      "4": {
        "key": "hpPct",
        "base": 0.020736000408034798,
        "step": 0.00259200083680776
      },
      "5": {
        "key": "atkPct",
        "base": 0.020736000408034798,
        "step": 0.00259200083680776
      },
      "6": {
        "key": "defPct",
        "base": 0.025919999986174558,
        "step": 0.0032400001728948
      },
      "7": {
        "key": "speed",
        "base": 1.1999999813543638,
        "step": 0.0999999985238072
      },
      "8": {
        "key": "cpct",
        "base": 0.01555200013140312,
        "step": 0.0019440008022287999
      },
      "9": {
        "key": "cdmg",
        "base": 0.031103999564314318,
        "step": 0.00388800090596568
      },
      "10": {
        "key": "effPct",