{
  "2": {
    "main": {
      "hp": {
        "base": 45.1584,
        "add": 15.80544
      },
      "atk": {
        "base": 22.5792,
        "add": 7.90272
      },
      "hpPct": {
        "base": 2.7647999999999997,
        "add": 0.9677
      },
      "atkPct": {
        "base": 2.7647999999999997,
        "add": 0.9677
      },
      "defPct": {
        "base": 3.4560002,
        "add": 1.2096001
      },
      "cpct": {
        "base": 2.0736001,
        "add": 0.7258
      },
      "cdmg": {
        "base": 4.1472,
        "add": 1.4515
      },
      "heal": {
        "base": 2.2117999999999998,
        "add": 0.77410005
      },
      "effPct": {
        "base": 2.7647999999999997,
        "add": 0.9677
      },
      "speed": {
        "base": 1.6128,
        "add": 1
      }
    },
    "sub": {
      "hp": {
        "base": 13.548016,
        "add": 13.548016,
        "step": 1.693502
      },
      "atk": {
        "base": 6.774008,
        "add": 6.774008,
        "step": 0.846751
      },
      "def": {
        "base": 6.774008,
        "add": 6.774008,
        "step": 0.846751
      },
      "hpPct": {
        "base": 1.3824001000000001,
        "add": 1.3824001000000001,
        "step": 0.17280006
      },
      "atkPct": {
        "base": 1.3824001000000001,
        "add": 1.3824001000000001,
        "step": 0.17280006
      },
      "defPct": {
        "base": 1.7280001,
        "add": 1.7280001,
        "step": 0.21600004
      },
      "speed": {
        "base": 1,
        "add": 1,
        "step": 0.1
      },
      "cpct": {
        "base": 1.0368001,
        "add": 1.0368001,
        "step": 0.12960007999999998
      },
      "cdmg": {
        "base": 2.0736001,
        "add": 2.0736001,
        "step": 0.25920009
      },
      "effPct": {
        "base": 1.3824001000000001,
        "add": 1.3824001000000001,
        "step": 0.17280006
      },
      "effDef": {
        "base": 1.3824001000000001,
        "add": 1.3824001000000001,
        "step": 0.17280006
      },
      "stance": {
        "base": 2.0736001,
        "add": 2.0736001,
        "step": 0.25920009
      }
    },
    "maxLv": 6
  },
  "3": {
    "main": {
      "hp": {
        "base": 67.7376,
        "add": 23.70816
      },
      "atk": {
        "base": 33.8688,
        "add": 11.85408
      },
      "hpPct": {
        "base": 4.1472,
        "add": 1.4515
      },
      "atkPct": {
        "base": 4.1472,
        "add": 1.4515
      },
      "defPct": {
        "base": 5.183999999999999,
        "add": 1.8144
      },
      "cpct": {
        "base": 3.1104,
        "add": 1.0886000999999998
      },
      "cdmg": {
        "base": 6.2208,
        "add": 2.1773001
      },
      "heal": {
        "base": 3.3178,
        "add": 1.1612
      },
      "effPct": {
        "base": 4.1472,
        "add": 1.4515
      },
      "speed": {
        "base": 2.4192,
        "add": 1
      }
    },
    "sub": {
      "hp": {
        "base": 20.322023,
        "add": 20.322023,
        "step": 2.540253
      },
      "atk": {
        "base": 10.161012,
        "add": 10.161012,
        "step": 1.270126
      },
      "def": {
        "base": 10.161012,
        "add": 10.161012,
        "step": 1.270126
      },
      "hpPct": {
        "base": 2.0736001,
        "add": 2.0736001,
        "step": 0.25920009
      },
      "atkPct": {
        "base": 2.0736001,
        "add": 2.0736001,
        "step": 0.25920009
      },
      "defPct": {
        "base": 2.5919999999999996,
        "add": 2.5919999999999996,
        "step": 0.32400002
      },
      "speed": {
        "base": 1.2,
        "add": 1.2,
        "step": 0.1
      },
      "cpct": {
        "base": 1.5552,
        "add": 1.5552,
        "step": 0.19440008
      },
      "cdmg": {
        "base": 3.1104,
        "add": 3.1104,
        "step": 0.3888001
      },
      "effPct": {
        "base": 2.0736001,
        "add": 2.0736001,
        "step": 0.25920009
      },
      "effDef": {
        "base": 2.0736001,
        "add": 2.0736001,
        "step": 0.25920009
      },
      "stance": {
        "base": 3.1104,
        "add": 3.1104,
        "step": 0.3888001
      }
    },
    "maxLv": 9
  },
  "4": {
    "main": {
      "hp": {
        "base": 90.3168,
        "add": 31.61088
      },
      "atk": {
        "base": 45.1584,
        "add": 15.80544
      },
      "hpPct": {
        "base": 5.529599999999999,
        "add": 1.9354
      },
      "atkPct": {
        "base": 5.529599999999999,
        "add": 1.9354
      },
      "defPct": {
        "base": 6.912,
        "add": 2.4192
      },
      "cpct": {
        "base": 4.1472,
        "add": 1.4515
      },
      "cdmg": {
        "base": 8.2944,
        "add": 2.9029999
      },
      "heal": {
        "base": 4.4237,
        "add": 1.5483
      },
      "effPct": {
        "base": 5.529599999999999,
        "add": 1.9354
      },
      "speed": {
        "base": 3.2256,
        "add": 1.1
      }
    },
    "sub": {
      "hp": {
        "base": 27.096031,
        "add": 27.096031,
        "step": 3.387004
      },
      "atk": {
        "base": 13.548016,
        "add": 13.548016,
        "step": 1.693502
      },
      "def": {
        "base": 13.548016,
        "add": 13.548016,
        "step": 1.693502
      },
      "hpPct": {
        "base": 2.7647999999999997,
        "add": 2.7647999999999997,
        "step": 0.34560005
      },
      "atkPct": {
        "base": 2.7647999999999997,
        "add": 2.7647999999999997,
        "step": 0.34560005
      },
      "defPct": {
        "base": 3.4560002,
        "add": 3.4560002,
        "step": 0.43200003
      },
      "speed": {
        "base": 1.6,
        "add": 1.6,
        "step": 0.2
      },
      "cpct": {
        "base": 2.0736001,
        "add": 2.0736001,
        "step": 0.25920009
      },
      "cdmg": {
        "base": 4.1472,
        "add": 4.1472,
        "step": 0.5184000400000001
      },
      "effPct": {
        "base": 2.7647999999999997,
        "add": 2.7647999999999997,
        "step": 0.34560005
      },
      "effDef": {
        "base": 2.7647999999999997,
        "add": 2.7647999999999997,
        "step": 0.34560005
      },
      "stance": {
        "base": 4.1472,
        "add": 4.1472,
        "step": 0.5184000400000001
      }
    },
    "maxLv": 12
  },
  "5": {
    "main": {
      "hp": {
        "base": 112.896,
        "add": 39.5136
      },
      "atk": {
        "base": 56.448,
        "add": 19.7568
      },
      "hpPct": {
        "base": 6.912,
        "add": 2.4192
      },
      "atkPct": {
        "base": 6.912,
        "add": 2.4192
      },
      "defPct": {
        "base": 8.64,
        "add": 3.0240001
      },
      "cpct": {
        "base": 5.183999999999999,
        "add": 1.8144
      },
      "cdmg": {
        "base": 10.367999999999999,
        "add": 3.6288
      },
      "heal": {
        "base": 5.529599999999999,
        "add": 1.9354
      },
      "effPct": {
        "base": 6.912,
        "add": 2.4192
      },
      "speed": {
        "base": 4.032,
        "add": 1.4
      }
    },
    "sub": {
      "hp": {
        "base": 33.87004,
        "add": 33.87004,
        "step": 4.233755
      },
      "atk": {
        "base": 16.935019,
        "add": 16.935019,
        "step": 2.116877
      },
      "def": {
        "base": 16.935019,
        "add": 16.935019,
        "step": 2.116877
      },
      "hpPct": {
        "base": 3.4560002,
        "add": 3.4560002,
        "step": 0.43200003
      },
      "atkPct": {
        "base": 3.4560002,
        "add": 3.4560002,
        "step": 0.43200003
      },
      "defPct": {
        "base": 4.32,
        "add": 4.32,
        "step": 0.54
      },
      "speed": {
        "base": 2,
        "add": 2,
        "step": 0.3
      },
      "cpct": {
        "base": 2.5919999999999996,
        "add": 2.5919999999999996,
        "step": 0.32400002
      },