{
  "id": 11519,
  "name": "朏魄含光",
  "affixTitle": "琅玕衍义",
  "star": 5,
  "desc": "",
  "attr": {
    "atk": {
      "1": 44.3358,
      "20": 110.17446299999999,
      "40": 209.81760979999999,
      "50": 275.455198,
      "60": 341.458801,
      "70": 407.80576199999996,
      "80": 474.5517452,
      "90": 541.829758,
      "20+": 141.274463,
      "40+": 240.91760979999998,
      "50+": 306.655198,
      "60+": 372.558801,
      "70+": 438.905762,
      "80+": 505.6517452
    },
    "bonusKey": "cdmg",
    "bonusData": {
      "1": 19.2,
      "20": 33.926399999999994,
      "40": 49.440000000000005,
      "50": 57.1968,
      "60": 64.9536,
      "70": 72.6912,
      "80": 80.44800000000001,
      "90": 88.2048,
      "20+": 33.926399999999994,
      "40+": 49.440000000000005,
      "50+": 57.1968,
      "60+": 64.9536,
      "70+": 72.6912,
      "80+": 80.44800000000001
    }
  },
  "materials": {
    "weapon": "漆黑陨铁的一块",
    "monster": "幽雾兜盔",
    "normal": "精制机轴"
  },
  "affixData": {
    "text": "防御力提高$[0]。装备者施放元素战技后的5秒内，月结晶反应伤害提升$[1]。",
    "datas": {
      "0": [
        "20%",
        "25%",
        "30%",
        "35%",
        "40%"
      ],
      "1": [
        "64%",
        "80%",
        "96%",
        "112%",
        "128%"
      ]
    }
  }
}